Page ID,Title,Page URL
4662890,Liste der Orte mit Stolpersteinen,https://de.wikipedia.org/wiki/Liste_der_Orte_mit_Stolpersteinen
12262401,Liste der Stolpersteine in Dublin,https://de.wikipedia.org/wiki/Liste_der_Stolpersteine_in_Dublin
8639173,Liste der Stolpersteine in Graz,https://de.wikipedia.org/wiki/Liste_der_Stolpersteine_in_Graz
12077255,Liste der Stolpersteine in Griechenland,https://de.wikipedia.org/wiki/Liste_der_Stolpersteine_in_Griechenland
10368203,Liste der Stolpersteine in Helsinki,https://de.wikipedia.org/wiki/Liste_der_Stolpersteine_in_Helsinki
13193888,Liste der Stolpersteine auf den Kanalinseln,https://de.wikipedia.org/wiki/Liste_der_Stolpersteine_auf_den_Kanalinseln
12004827,Stolpersteine in Kroatien,https://de.wikipedia.org/wiki/Stolpersteine_in_Kroatien
10421419,Liste der Stolpersteine in Lettland,https://de.wikipedia.org/wiki/Liste_der_Stolpersteine_in_Lettland
10405686,Liste der Stolpersteine in Litauen,https://de.wikipedia.org/wiki/Liste_der_Stolpersteine_in_Litauen
10448140,Stolpersteine in der Republik Moldau,https://de.wikipedia.org/wiki/Stolpersteine_in_der_Republik_Moldau
9021069,Liste der Stolpersteine in Polen,https://de.wikipedia.org/wiki/Liste_der_Stolpersteine_in_Polen
9735055,Liste der Stolpersteine in Rumänien,https://de.wikipedia.org/wiki/Liste_der_Stolpersteine_in_Rumänien
11833337,Liste der Stolpersteine in Russland,https://de.wikipedia.org/wiki/Liste_der_Stolpersteine_in_Russland
13202512,Liste der Stolpersteine in Salzburg-Mülln,https://de.wikipedia.org/wiki/Liste_der_Stolpersteine_in_Salzburg-Mülln
10863557,Liste der Stolpersteine in Schweden,https://de.wikipedia.org/wiki/Liste_der_Stolpersteine_in_Schweden
8004499,Liste der Stolpersteine in der Schweiz,https://de.wikipedia.org/wiki/Liste_der_Stolpersteine_in_der_Schweiz
11906229,Liste der Stolpersteine in Serbien,https://de.wikipedia.org/wiki/Liste_der_Stolpersteine_in_Serbien
8963166,Stolpersteine in Slowenien,https://de.wikipedia.org/wiki/Stolpersteine_in_Slowenien
10324339,Liste der Stolpersteine in der Ukraine,https://de.wikipedia.org/wiki/Liste_der_Stolpersteine_in_der_Ukraine
12364393,Liste der Stolpersteine in Vaduz,https://de.wikipedia.org/wiki/Liste_der_Stolpersteine_in_Vaduz
8920667,Liste der Stolpersteine in Wiener Neustadt,https://de.wikipedia.org/wiki/Liste_der_Stolpersteine_in_Wiener_Neustadt
10476631,Kategorie:Liste (Stolpersteine in Belgien),https://de.wikipedia.org/wiki/Kategorie:Liste_(Stolpersteine_in_Belgien)
12701100,Kategorie:Liste (Stolpersteine in Dänemark),https://de.wikipedia.org/wiki/Kategorie:Liste_(Stolpersteine_in_Dänemark)
8179568,Kategorie:Liste (Stolpersteine in Deutschland),https://de.wikipedia.org/wiki/Kategorie:Liste_(Stolpersteine_in_Deutschland)
10341624,Kategorie:Liste (Stolpersteine in Frankreich),https://de.wikipedia.org/wiki/Kategorie:Liste_(Stolpersteine_in_Frankreich)
8179698,Kategorie:Liste (Stolpersteine in Italien),https://de.wikipedia.org/wiki/Kategorie:Liste_(Stolpersteine_in_Italien)
12076771,Kategorie:Liste (Stolpersteine in Kroatien),https://de.wikipedia.org/wiki/Kategorie:Liste_(Stolpersteine_in_Kroatien)
10182115,Kategorie:Liste (Stolpersteine in Luxemburg),https://de.wikipedia.org/wiki/Kategorie:Liste_(Stolpersteine_in_Luxemburg)
11838728,Kategorie:Liste (Stolpersteine in den Niederlanden),https://de.wikipedia.org/wiki/Kategorie:Liste_(Stolpersteine_in_den_Niederlanden)
11269454,Kategorie:Liste (Stolpersteine in Norwegen),https://de.wikipedia.org/wiki/Kategorie:Liste_(Stolpersteine_in_Norwegen)
9442664,Kategorie:Liste (Stolpersteine in der Slowakei),https://de.wikipedia.org/wiki/Kategorie:Liste_(Stolpersteine_in_der_Slowakei)
11498955,Kategorie:Liste (Stolpersteine in Slowenien),https://de.wikipedia.org/wiki/Kategorie:Liste_(Stolpersteine_in_Slowenien)
10375961,Kategorie:Liste (Stolpersteine in Spanien),https://de.wikipedia.org/wiki/Kategorie:Liste_(Stolpersteine_in_Spanien)
8948782,Kategorie:Liste (Stolpersteine in Tschechien),https://de.wikipedia.org/wiki/Kategorie:Liste_(Stolpersteine_in_Tschechien)
10027546,Kategorie:Liste (Stolpersteine in Ungarn),https://de.wikipedia.org/wiki/Kategorie:Liste_(Stolpersteine_in_Ungarn)
